Subject,Language,Session,ObjectiveTaskDifficulty,Trial,TypingSpeed,CorrectedError,ReadTextEventsRatio,AttendedButNotSelectedRate,UncorrectedErrorRate,BaselinePupilDiameter,BlinkFrequency,BlinkDuration,BlinkInterval,BlinkBurstRatio,SaccadeAmplitude,SaccadeDuration,SaccadeVelocity,SaccadePeakVelocity,EyeHeight,Fatigue,ObjectiveTaskDifficulty_cat,DayNr,lrPupilCorrelation
ac,EN,1,E,0,8.755897301,0.015151515,0.001657129,0.5,0,4.193524483,14.71165131,0.127618652,4.496382045,1.279274027,6.669556166,92.78578947,73.38040237,237.3410102,-0.453860599,3,0,1,0.828688351
ac,EN,1,E,4,10.41680061,0,0.010966222,1.225806452,0,3.827601747,9.609752233,0.112882,2.966755,0,5.935117618,81.46451685,73.08098281,211.1640373,-0.875013905,4,E,1,0.828688351
ac,EN,2,D,4,8.495308507,0.036809816,0.009752178,0.662576687,0.095487596,4.421022383,13.58237579,0.11325192,5.022477633,2.444827643,7.51303086,87.20071343,87.77248749,252.7725312,-0.010017369,5,D,1,0.875485205
ac,EN,1,D,0,9.035953911,0.018099548,0.015248119,0.606334842,0.052582306,4.101967419,17.55719591,0.110058841,2.908719471,3.591244617,8.022267526,67.14666871,105.4840221,277.3832182,-1.440134106,4,0,2,0.849492226
ac,EN,1,D,4,11.55962161,0,0.002223759,0.237623762,0,4.434710247,8.854558967,0.096847571,2.277011308,0.632468498,10.36650026,72.56906077,126.5275223,336.7861658,-1.349460503,3,D,2,0.849492226
ac,EN,2,E,4,10.25180086,0.042553191,0.012295263,0.414893617,0,4.44919865,12.08040586,0.101028545,3.438611857,1.098218715,10.7218722,72.93427523,129.0189253,343.9421604,-0.373043274,3,E,2,0.882810203
ac,EN,1,D,0,10.62404742,0,0.021002489,0.101010101,0,4.655538549,10.36733769,0.104359947,3.413966056,0.545649352,11.94225346,78.89329817,127.3431125,359.4362401,0.329177869,3,0,4,0.887697918
ac,EN,1,D,4,12.69211217,0.052941176,0.019463962,0.2,0.020781119,4.148390336,10.10016678,0.104846586,5.232151286,0,12.03962287,81.03494086,133.0181996,385.4482549,-0.797729381,3,D,4,0.887697918
ac,EN,2,E,4,14.85780473,0,0.007962673,0.157894737,0,4.098294579,6.723356816,0.125997,2.965702,0,12.34144324,76.15296739,141.1218046,415.3140755,-0.251585381,3,E,4,0.876013574
ac,EN,1,E,0,14.57173413,0.035714286,0.002737585,0.089285714,0,4.100869281,5.917450384,0.211749,1.334371667,0,10.46246472,83.45251613,113.6837005,340.0987855,-0.69728469,4,0,5,0.814210952
ac,EN,1,E,4,13.6210141,0.1,0.012909175,0.1,0.075163399,4.234270541,7.474251825,0.125835167,1.2003356,0,9.816036416,78.34443925,111.7941247,366.3506583,-3.544292577,4,E,5,0.814210952
ac,EN,2,D,4,16.19628503,0.041666667,0,0.145833333,0,4.136809435,13.45923777,0.115194625,5.481771429,1.682404722,8.181188511,85.42616327,92.06685508,314.2883432,-3.410894329,4,D,5,0.826518863
af,EN,1,E,0,17.52604345,0.517241379,0.089854324,0,0.122580645,4.437772808,7.663107502,0.119106182,3.5683141,0,10.38069129,77.30720747,117.5785065,354.0955224,-4.141683916,3,0,2,0.838612457
af,EN,1,E,4,17.07126195,0.319587629,0.082639317,0,0,4.406550376,8.692421963,0.151631563,5.860816067,0.543276373,8.957448781,82.31024606,98.50616604,329.1767143,-4.545985471,2,E,2,0.838612457
af,EN,2,D,5,17.83330365,0.10989011,0.038719225,0.021978022,0.063644689,3.925315021,6.367999312,0.104686429,4.865589833,0,10.31416148,77.21714646,116.7731865,335.2034699,-2.902465174,5,D,2,0.811228796
af,EN,1,E,0,17.20949582,0,0.009564823,0.028571429,0,4.57574235,0,0,0,0,10.92171644,81.03329825,118.0483503,366.5838076,-1.074497246,2,0,4,0.861638672
af,EN,1,E,4,13.44168521,0.464285714,0.086826303,0,0,4.689372305,0,0,0,0,11.03335753,85.72475325,113.8348369,345.5582844,-0.149307678,2,E,4,0.861638672
af,EN,2,E,4,11.69617137,0.294117647,0.209885777,0.308823529,0,4.139895166,9.26988917,0.191019941,14.60614381,2.181150393,8.598833267,76.78489451,97.92427283,280.7257394,-2.590299965,4,E,5,0.853474737
aq,EN,1,D,0,5.675828528,0.006451613,0.006723688,1.096774194,0.26596424,5.715260268,7.559423377,0.131088387,7.152583833,1.463114202,6.712879763,79.18280769,80.13474097,214.1436272,-3.523494797,2,0,1,0.842480805
aq,EN,1,D,6,5.55939108,0.005291005,0.020615334,0.867724868,0.120816327,5.4769777,7.302037732,0.133272154,6.375200132,1.497853894,7.368860303,90.69106555,76.28635634,214.6990339,-2.805716901,1,D,1,0.842480805
aq,EN,2,E,4,7.312813289,0.021052632,0.033033278,0.568421053,0.071019473,5.654907232,7.555898299,0.100622063,1.644409267,0.944487287,6.598876387,86.36225564,73.99099964,210.2392847,-5.687135239,2,E,1,0.832812168
aq,EN,1,E,0,7.187567005,0,0.004390362,1.098360656,0.168414918,6.101132249,3.389290022,0.1376788,0.3997125,0.677858004,7.799779782,92.46225287,79.33438489,237.437819,-1.567413652,1,0,2,0.773176817
aq,EN,1,E,4,6.725543462,0,0.004334722,0.571428571,0.152236652,5.971044229,5.205427139,0.10409175,3.7141,1.952035177,6.496952396,115.8983699,63.58585344,221.0002507,-2.121256539,1,E,2,0.773176817
aq,EN,2,D,4,6.402586215,0.00990099,0.00605106,0.658415842,0.162252475,5.802700238,8.682841382,0.12142566,5.218622326,2.032154366,7.568823875,90.60598988,77.43235552,224.4502307,-1.015842067,1,D,2,0.768410701
aq,EN,1,D,0,4.749094578,0.015706806,0.013634204,1.230366492,0.30784289,5.035706851,6.685564712,0.103174449,8.149764792,1.637281154,6.913184682,76.20713113,82.18929895,251.8051452,-7.616196344,5,0,3,0.88649884
aq,EN,1,D,4,6.488436917,0.026455026,0.005295763,0.497354497,0.092640321,4.965824091,6.907714568,0.1320644,2.554165176,1.578906187,7.256274464,77.6229287,82.80181781,253.3403393,-7.906687823,6,D,3,0.88649884
aq,EN,2,E,4,7.273712239,0,0.004898528,0.575757576,0.129530917,5.105138424,6.932904631,0.124153182,5.7786109,1.890792172,8.251760153,82.6700163,90.60210761,275.6413962,-7.953123756,5,E,3,0.888062198
aq,EN,1,E,0,7.369767059,0,0.004866953,0.226415094,0.086357039,5.590150163,4.666200188,0.119106273,8.2074617,1.272600051,7.925418238,85.10990114,84.98090834,249.1109921,-1.329181644,2,0,4,0.923924269
aq,EN,1,E,4,6.686621554,0,0.004877524,0.5,0.131535948,5.52874439,4.100063775,0.109445,9.189931167,0.585723396,7.81895359,82.0296612,83.16469412,251.880029,-5.96770918,2,E,4,0.923924269
aq,EN,2,D,4,6.217863486,0,0.008522006,0.638554217,0.149600798,5.558875066,10.69891823,0.114893304,3.897153244,3.256192505,7.670088589,76.29688057,88.30175756,229.1768945,-2.031357914,4,D,4,0.870536139
bh1,EN,1,E,0,12.19703569,0.022727273,0.033146456,0.272727273,0.288888889,5.133564778,1.317056794,0.133238,0,0,9.314151389,88.11190826,96.29353078,342.7274591,4.846733074,1,0,1,0.908399837
bh1,EN,1,E,7,15.7147622,0.051724138,0.026856622,0.25862069,0.055702918,5.225552448,1.26199999,0.133238,0,0,8.742952369,79.82248649,101.5441057,333.1211502,1.532533495,1,E,1,0.908399837
bh1,EN,2,D,4,16.04804215,0.015625,0.028896292,0.125,0.680681818,5.05593805,2.818633452,0.1221344,4.08015575,0,7.255645528,106.0328155,68.4283807,289.0308423,1.403044651,4,D,1,0.901311076
bh1,EN,1,D,0,14.34635796,0.034782609,0.022099458,0.086956522,0.480842912,5.393508114,3.894223416,0.123984667,8.9024856,0.649037236,10.66288474,92.99982,107.9399703,379.3105407,0.638744514,3,0,3,0.874600614
bh1,EN,1,D,4,13.75143992,0.04,0.020788016,0.26,0.590520591,5.288725319,2.612465099,0.1110315,12.635356,0,10.97605912,89.94333094,112.2730933,415.4443327,-0.117601589,3,D,3,0.874600614
bh1,EN,2,E,4,5.259184673,0.043478261,0.038754519,0.173913043,0.137681159,5.051710291,10.83232126,0.14212,10.75034893,2.888619004,8.769878147,84.70093878,95.98284763,336.7111344,-2.566400776,4,E,3,0.859958561
bh1,EN,1,E,0,19.06720494,0.019230769,0.005994871,0.057692308,0.333041958,4.757107207,4.627933792,0.111031667,1.100064,0,9.054107983,81.57876842,102.0433108,364.3924213,-1.064510531,2,0,4,0.772768938
bh1,EN,1,E,4,11.35106842,0.081632653,0.103663131,0.142857143,0.330316742,5.107190724,12.24445025,0.1258355,2.950766636,1.020370854,8.272941562,79.9812093,93.67976192,315.1192517,-1.039592212,3,E,4,0.772768938
bh1,EN,2,D,4,13.08640009,0.068965517,0.137522571,0.068965517,0.382734912,4.789906785,5.102817797,0.103965636,4.3050203,0.463892527,9.236574525,78.57354545,104.9156483,330.3168591,0.060771189,5,D,4,0.898975976
bh1,EN,1,D,0,15.04292469,0.042372881,0.074604429,0.06779661,0.374147727,5.071365747,1.872231457,0.099928333,0.810528,0,9.077052361,81.630144,99.92319233,353.1120711,-1.331947456,2,0,5,0.881065497
bh1,EN,1,D,4,14.42467407,0.025641026,0.176991182,0.025641026,0.165178571,5.135071472,9.196535199,0.111031,1.915289,1.83930704,8.282834474,86.81843373,85.03216171,324.172411,-1.905668265,2,D,5,0.881065497
bh1,EN,2,E,4,19.0083471,0.031746032,0.020725388,0.047619048,0.09965035,4.970455994,4.666566439,0.118433333,1.371236,0,10.48114331,94.09038144,103.9002499,402.6240211,0.374994522,5,E,5,0.898072422
bh2,DA,1,E,0,12.27317308,0.015625,0.015475583,0.265625,0,3.576315403,0,0,0,0,7.850440363,78.84238532,89.16470804,272.9199738,-0.432603667,3,0,1,0.964392539
bh2,DA,1,E,5,10.91239858,0.013888889,0.011759713,0.527777778,0.118055556,3.299603788,1.531279133,0.1498925,5.18516,0,7.172603689,107.1518614,59.50424841,199.8020641,-0.851190845,4,E,1,0.964392539
bh2,DA,2,D,4,10.25205661,0.109589041,0.106647334,0.397260274,0.493315508,4.916463725,3.494551795,0.14156475,18.22550536,0.29121265,8.740506109,77.84629412,98.94438092,305.6218701,-1.816867438,4,D,1,0.987012535
bh2,DA,1,D,0,12.0489495,0,0.033069309,0.142857143,0.266081871,3.175121261,5.350380263,0.1265758,12.11906125,0,7.098282012,72.62863303,86.58958471,242.4644295,-0.372534546,2,0,2,0.973735962
bh2,DA,1,D,4,9.090506436,0.013513514,0.020388463,1.162162162,0.447145877,2.94586197,6.857480428,0.1820914,4.898151357,0.457165362,7.072367145,91.17865438,71.85093888,234.0662352,-3.007984812,5,D,2,0.973735962
bh2,DA,2,E,4,8.028978111,0.038461538,0.055716128,0.384615385,0.260504202,2.741023535,15.62226684,0.165537455,3.246926,2.840412153,4.161174476,136.7437807,34.54276895,155.0075668,-1.732555721,6,E,2,0.921709867
bh2,DA,1,E,0,11.11277133,0.086206897,0.037211575,0.293103448,0.117245658,3.82749252,1.756218389,0.111031,1.787603,0,9.068953882,82.6670084,99.56541374,300.7531539,-0.148947912,2,0,3,0.973149854
bh2,DA,1,E,4,10.5779729,0.047619048,0.047225873,0.53968254,0.333333333,3.544060941,3.13132495,0.18875325,14.33413467,0,7.281839371,98.493,72.48179489,244.4146571,-0.759281416,4,E,3,0.973149854
bh2,DA,2,D,4,11.94219695,0,0.01344946,0.194805195,0.315508021,4.319172182,0,0,0,0,8.201231398,73.91041045,98.51370358,302.4797428,-2.218597307,6,D,3,0.957948001
bh2,DA,1,D,0,6.895068627,0.064102564,0.04742853,0.403846154,0.411520354,3.664265076,4.522911335,0.134471278,11.92347406,0.251272852,7.475034702,72.6985301,92.40540846,281.1240409,0.145124356,2,0,4,0.949127473
bh2,DA,1,D,4,9.429393554,0.093333333,0.067436173,0.506666667,0.415064103,3.629533498,2.137344968,0.19708075,51.55537933,0,8.169547841,84.40638776,92.22029146,311.6660845,-1.236456478,3,D,4,0.949127473
bh2,DA,2,E,4,12.27357554,0.020833333,0.103596468,0.333333333,0.25,3.307787595,1.222321672,0.133238,0,0,8.877939264,78.48382353,99.62590673,327.7425712,-0.799840082,2,E,4,0.95986267
cw,EN,1,E,0,4.862899052,0,0.198630183,1.292307692,0.687857961,5.152493448,9.567273859,0.125061808,12.1093606,2.207832429,8.166282659,78.12493729,101.1566066,290.8468496,-0.388667158,3,0,1,0.946479106
cw,EN,1,E,4,6.590771649,0,0.037075932,1.049382716,0.00617284,4.593545759,2.776269038,0.138294167,11.3929556,0,10.56225754,77.88282609,118.8108713,349.6472516,-0.278004947,3,E,1,0.946479106
cw,EN,2,D,4,7.839992391,0,0.025079922,1.047244094,0.288932633,4.924358769,3.653966332,0.188753091,5.7943525,0.664357515,9.413815532,80.52611263,104.5412274,285.4506242,-2.04340366,4,D,1,0.949515992
cw,EN,1,D,0,7.602635051,0,0.056575428,0.811320755,0.119103774,4.325465175,7.763325054,0.142569286,4.28205015,0.369682145,9.055483888,75.74192308,105.2758862,294.3146668,-2.209471867,4,0,2,0.932652161
cw,EN,1,D,4,6.528282141,0.016129032,0.074802814,1.064516129,0.79145937,4.16086153,12.6488736,0.156461,3.18825287,1.883874791,6.990414566,77.18535924,83.30423042,239.8697685,-2.706407677,4,D,2,0.932652161
cw,EN,2,E,4,9.584660086,0.022727273,0.057340316,0.568181818,0,3.963262288,3.129904277,0.176169333,4.1593455,1.043301426,10.6351373,82.14348673,118.1878219,357.7862167,-1.730243035,3,E,2,0.946664376
cw,EN,1,E,0,10.84005766,0.013157895,0.075797116,0.197368421,0.108552632,4.106021941,12.14625822,0.150645056,3.548032471,1.349584247,8.541907964,67.42962921,106.8690759,290.4967121,0.238602614,2,0,3,0.898110248
cw,EN,1,E,4,10.09210509,0.022222222,0.089659164,0.355555556,0,4.133218023,1.046453154,0.14434,0,0,11.10787062,78.22198198,121.3574438,340.5365599,0.186676466,2,E,3,0.898110248
cw,EN,2,D,5,8.177575736,0.112903226,0.105201295,1.016129032,0.555167055,3.797797031,4.04007139,0.126892857,6.0919145,0.577153056,10.53109002,74.91034335,120.9060089,333.6924981,0.35264628,2,D,3,0.945596219
cw,EN,1,D,0,10.03303939,0.009708738,0.045977173,0.252427184,0.081917476,4.376481066,13.02176588,0.14110496,4.889734375,3.646094447,7.512167529,75.72623529,91.97034235,298.179059,-0.991127665,2,0,4,0.938070137
cw,EN,1,D,4,9.546690026,0.048192771,0.023591708,0.415662651,0.020851155,4.28364648,2.858449509,0.1331801,4.547346556,0.285844951,9.280395715,76.94026708,108.2865536,324.1642361,-1.536190814,2,D,4,0.938070137
cw,EN,2,E,4,8.461505281,0,0.027238324,0.448275862,0.017241379,3.973220916,2.725792684,0.1498925,0.155444,0,10.18320799,84.27263,113.7657844,340.6364867,-2.629338086,2,E,4,0.954077439
jm,EN,1,E,0,6.835550886,0,0.008224057,0.678571429,0,3.720941595,0,0,0,0,9.569714348,77.72181395,108.5463251,304.132892,-1.153298777,4,0,1,0.973310598
jm,EN,1,E,4,8.024838227,0,0.008541347,0.325842697,0.086913417,3.74769921,0,0,0,0,8.955438356,74.35023037,104.1203814,284.9621104,-1.701554989,2,E,1,0.973310598
jm,EN,2,D,4,8.453785939,0,0.000871942,0.186567164,0.08496732,3.639771593,0.628249032,0.0832735,1.221344,0,9.627859193,76.62072314,107.5958935,294.4178328,-2.662703119,4,D,1,0.976666933
jm,EN,1,D,0,8.400942089,0.022988506,0.010109879,0.471264368,0.655965909,3.360572262,0,0,0,0,7.36841804,74.62678319,92.5380716,291.7587423,-0.135935283,2,0,3,0.968780779
jm,EN,1,D,4,9.454549482,0.027777778,0.005425406,0.5,0,3.386143473,0,0,0,0,8.709442766,74.16870667,105.096875,307.8685865,-1.538151838,2,D,3,0.968780779
jm,EN,2,E,4,9.676758477,0,0,0.151515152,0,3.464866698,0,0,0,0,9.327846194,75.75031776,109.3900146,317.4346213,-1.745435124,2,E,3,0.959186603
jm,EN,1,E,0,7.652204008,0.029411765,0.074061663,0.75,0.322963801,3.498100477,4.829208259,0.09715225,7.174205,0.603651032,7.991282317,72.1439763,96.91320923,265.1129197,0.470778763,2,0,4,0.95175856
jm,EN,1,E,4,10.22239352,0,0.004965968,0.234375,0.113687783,3.904597087,0,0,0,0,9.194940952,76.05147788,108.3818717,309.3527871,0.678602842,2,E,4,0.95175856
jm,EN,2,D,4,9.856400961,0.006666667,0.019591269,0.34,0.338543399,3.557385837,0,0,0,0,8.735331974,73.3322691,103.7538077,298.2079898,-1.6851897,4,D,4,0.974697004
jm,EN,1,D,0,7.651495006,0.013422819,0.097103458,0.476510067,0.047711782,3.774718021,2.981453259,0.1765399,4.891869889,1.192581304,7.82306883,70.52057547,96.15942416,274.0301386,-2.183630317,3,0,5,0.976920945
jm,EN,1,D,4,9.186014071,0,0.031312349,0.625,0.54001554,3.653790306,0.829452658,0.088825,0,0,8.682075612,81.5,98.84886542,294.6332316,-4.009657258,5,D,5,0.976920945
jm,EN,2,E,4,10.55458046,0.014285714,0.018419773,0.1,0,3.853213195,0,0,0,0,11.29093736,79.7875969,123.463991,350.8405095,-2.151618883,2,E,5,0.953126326
jp,DA,1,E,0,5.40738714,0.034090909,0.060709669,1.375,0.140217391,5.167373957,7.573131956,0.11680488,2.39734975,0.605850556,7.487907602,75.6987397,91.90733135,260.7988537,2.528917216,2,0,1,0.857833866
jp,DA,1,E,4,7.227736097,0,0.033562817,1.176470588,0,4.86334677,7.440804217,0.105479625,3.481623,0,7.060360938,75.93103226,84.12948337,253.7676927,0.670608516,5,E,1,0.857833866
jp,DA,2,D,4,6.525895842,0.024390244,0.056430289,1.243902439,0.372777971,5.1159884,8.672466252,0.101728568,5.222269528,0.937563919,7.622519037,75.79088913,89.36999123,243.3393434,1.276051888,6,D,1,0.808506186
jp,DA,1,E,0,6.280630086,0.015151515,0.026809387,0.787878788,0.007462687,5.285415,10.08286327,0.110446842,6.388292444,0.530677014,8.540226364,77.08052708,101.7710948,277.3531952,0.756135951,2,0,3,0.8325641
jp,DA,1,E,4,6.684193082,0.027777778,0.016663528,0.611111111,0,5.390120919,8.186152703,0.113807,5.773625143,0,8.520969579,78.91471901,100.05482,301.6965673,-0.299496374,2,E,3,0.8325641
jp,DA,2,D,4,6.817470656,0,0.014359856,0.763157895,0,5.009561596,3.739712169,0.13323725,5.192561333,0,8.554195598,76.3554,99.27137027,287.5135839,0.802045138,2,D,3,0.866660029
jp,DA,2,E,4,6.840136219,0,0.027341915,0.604651163,0,4.74854531,10.91354547,0.123842538,3.897196667,1.679006995,9.020930579,77.55981022,102.373928,276.9701196,1.604986184,4,E,4,0.938417421
jp,DA,1,D,0,6.172699654,0.006289308,0.098665772,0.779874214,0.34157754,4.822082148,10.68137187,0.126760604,3.500174745,1.335171484,7.776578215,77.14273022,90.53912872,250.2780706,-0.563857691,2,0,5,0.840791174
jp,DA,1,D,4,7.309735612,0.024390244,0.027282861,0.756097561,0,4.695268293,11.03242835,0.111031273,3.0478077,1.002948032,7.728159076,81.68113953,86.87830798,263.7443886,0.775507466,2,D,5,0.840791174
jp,DA,2,E,4,7.511897725,0.024390244,0.037274562,0.585365854,0,4.596033957,8.663541511,0.12629825,2.798621857,0,7.576516026,81.20191791,88.81796592,267.7290182,-1.204578859,3,E,5,0.853802102
kj,EN,1,D,0,7.183293097,0,0.032151452,0.662921348,0.503902663,4.621846327,1.217822425,0.077722,2.0679685,0,8.167442424,74.80191558,97.50329743,281.7485944,-0.254450604,3,0,1,0.941166578
kj,EN,1,D,4,7.717703493,0,0.017395981,0.914634146,0.190934066,4.427599783,0.48456636,0.077722,0,0,9.559265598,77.13509756,109.1897129,294.2469828,-0.154637732,4,D,1,0.941166578
kj,EN,2,E,4,8.874953264,0,0.009941253,0.2,0.04739011,4.175605062,0,0,0,0,9.673555798,80.55675177,103.9159782,313.9814728,-2.303924135,4,E,1,0.947148984
kj,EN,1,D,0,7.173982196,0,0.059196038,0.527027027,0.626436782,5.429164156,5.455462964,0.105984182,3.6229496,1.487853536,7.244741992,76.79666204,83.59799492,225.9207247,-1.486947725,4,0,3,0.942709026
kj,EN,1,D,4,7.94578995,0,0.001888716,0.607142857,0.273076923,5.565847654,3.925529564,0.1065898,0.44412475,0,7.683699788,82.26409091,87.77858944,245.5477503,-2.260004201,4,D,3,0.942709026
kj,EN,2,E,4,6.408143729,0,0,1.043478261,0.120833333,5.277012159,2.735451291,0.127686,11.969169,0,8.467783197,77.32996471,99.63627669,288.5691288,-3.863826603,4,E,3,0.934279019
kj,EN,1,E,0,8.149142185,0,0.007126191,0.289473684,0.232017544,5.086081148,2.962235526,0.1094628,0.483719,0.592447105,6.564078818,67.20620106,85.26993217,253.3544285,-0.759080803,2,0,4,0.962429673
kj,EN,1,E,4,8.25254236,0,0.005380517,0.246376812,0.04047619,4.949816496,3.093157905,0.1048616,0.483719,0,7.673022175,71.06002941,94.69728451,275.2781588,-0.560623926,2,E,4,0.962429673
kj,EN,2,D,4,7.792621331,0,0,0.267241379,0.57533468,4.771097128,1.4602867,0.10618725,18.07872667,0.365071675,7.422239744,72.91396573,87.82723065,264.1705955,-0.58746276,5,D,4,0.894655903
kj,EN,1,E,0,9.077749665,0,0.000305154,0.111111111,0.101190476,4.752729857,8.245169341,0.139899,0.54657125,3.298067736,5.690179252,109.1612105,56.91097071,222.3487155,-1.985013095,3,0,5,0.82059096
kj,EN,1,E,4,8.746461935,0,0.007803792,0.231884058,0.190802348,4.677673417,0,0,0,0,8.979359506,79.25811321,98.69275765,285.4925434,-3.166021441,1,E,5,0.82059096
kj,EN,2,D,4,8.221181503,0,0.000279391,0.380530973,0.083686441,4.808985365,0,0,0,0,6.921676904,76.87627483,77.95503047,236.0282268,-1.244050944,5,D,5,0.858031631
le,DA,1,D,0,6.712477795,0.007692308,0.031957077,1.107692308,0.325766871,5.163183878,4.033689984,0.135319438,12.94695347,1.26052812,9.818654244,96.09372372,94.96590775,320.9652437,-1.06954242,2,0,1,0.924023851
le,DA,1,D,4,6.513708075,0,0.024416859,0.867768595,0.128787879,4.830460451,1.965674177,0.152668,6.761737714,0.491418544,9.177094174,95.74107071,92.41149273,311.5684511,-3.633839844,3,D,1,0.924023851
le,DA,2,E,4,7.096943584,0,0.040358763,1.462962963,0.162037037,4.846877416,3.546243488,0.135088,1.9340212,0.591040581,8.765239509,91.08675,87.01171788,329.7222058,-0.217922117,3,E,1,0.937582181
le,DA,1,E,0,7.205111689,0.022222222,0.033694186,1.166666667,0.085869565,5.615037757,7.312427684,0.1065899,10.70421426,1.096864153,7.567928139,83.33397818,83.40430897,275.3780909,-0.275663549,1,0,2,0.910049366
le,DA,1,E,4,9.086157183,0,0.023139261,0.653333333,0.091983122,5.31194041,1.1524598,0.116583,0.7106,0.5762299,10.54450419,87.76752381,103.2918537,312.4869198,1.137868961,1,E,2,0.910049366
le,DA,2,D,4,7.46702526,0,0.034055722,1.088235294,0,5.019604,3.936539118,0.11380675,15.75533433,1.968269559,10.35917895,83.55808974,113.3110759,376.2411364,0.3275658,3,D,2,0.918431058
le,DA,1,D,0,9.241457833,0.006622517,0.023378128,0.443708609,0.050100777,5.508376871,3.665903228,0.137507923,4.947846667,0.281992556,8.771394418,91.80296689,91.92536087,294.7862585,-2.045319286,3,0,3,0.865697146
le,DA,1,D,4,8.532010844,0.008810573,0.024172147,0.621145374,0.031547534,4.654992382,1.480152811,0.113807125,7.826085429,0.370038203,12.28939269,95.47304782,113.0886975,320.6773427,-0.847609147,2,D,3,0.865697146
le,DA,2,E,4,9.908890371,0,0.019959689,0.56097561,0,4.584174912,1.08949275,0.155444,0,0,12.63474007,97.61495833,115.7827311,366.0188655,-4.139174664,3,E,3,0.850548772
le,DA,1,E,0,10.08914241,0,0,0.166666667,0.007462687,5.253903588,2.130869102,0.196155,0.266475,0,11.61435439,95.16964286,107.7104756,342.0918233,0.071823405,2,0,4,0.924507675
le,DA,1,E,4,11.62187706,0,0.016826298,0.472222222,0,5.1646658,0,0,0,0,14.57423163,101.1177857,125.0715426,350.2205222,-1.486376494,1,E,4,0.924507675
le,DA,2,D,4,10.39269848,0,0.027994793,0.44966443,0,4.739420434,1.055446102,0.122134333,4.8085475,0,10.89764383,89.10140249,108.4404582,330.7142525,-2.253495349,2,D,4,0.867844072
ls2,DA,1,D,0,5.956515319,0.063291139,0.075915965,2.569620253,0.400485437,4.960643982,1.997000762,0.125306857,25.27097583,0.285285823,6.831947439,106.8878659,73.52072361,304.4948433,-2.853156289,3,0,1,0.945073261
ls2,DA,1,D,4,4.971616835,0.037383178,0.165557688,1.803738318,0.248188406,4.781772515,2.663455096,0.103259,22.39887967,0.532691019,7.368355373,91.28958072,84.24220367,304.1858454,-2.137788036,4,D,1,0.945073261
ls2,DA,1,E,0,7.097504647,0,0.032243831,0.847222222,0,5.339851967,2.983593221,0.113252,4.9186845,0,7.710638111,94.56580114,93.52222138,311.7551914,-0.470614665,2,0,2,0.810068407
ls2,DA,1,E,4,6.626909607,0.024390244,0.058041721,1.243902439,0,5.133800096,2.727397733,0.133238,5.25733,0.909132578,10.14276821,104.348787,103.6405931,372.5543152,1.646638119,2,E,2,0.810068407
ls2,DA,2,D,4,6.91564448,0.006849315,0.05140757,0.917808219,0.083453497,5.019582708,2.984186349,0.104208182,14.4124307,0.813869004,9.814052881,95.64218135,106.1287698,356.6585232,2.120359194,2,D,2,0.799594427
ls2,DA,1,E,0,6.334167872,0,0.114541816,0.709677419,0,4.957203523,5.382354575,0.111031,1.3368055,1.076470915,11.18005641,102.3073673,108.427717,362.3633945,3.045188197,2,0,4,0.904049223
ls2,DA,1,E,4,5.816702505,0.030612245,0.090630692,1.102040816,0.145454545,4.920253531,2.22761841,0.103100286,4.787009833,0,11.84668572,93.2453511,125.0755486,397.3711129,2.803143496,3,E,4,0.904049223
ls2,DA,2,D,4,6.162368501,0.035971223,0.17300614,1.316546763,0.286717922,4.697575193,2.431195277,0.165537545,9.6622106,0.442035505,10.56360414,86.88594498,118.0354911,374.3148134,-0.641054302,5,D,4,0.87882912
ls2,DA,1,D,0,5.907234227,0.051724138,0.116946938,1.224137931,0.401006711,5.086697003,4.130507576,0.111031286,6.242070846,0.295036255,10.27925094,84.07123653,116.2804912,334.2951548,0.429170102,3,0,5,0.916630471
ls2,DA,1,D,4,7.160837299,0.022727273,0.024254974,0.761363636,0.079545455,4.953651992,6.096324983,0.14249,6.946999091,1.524081246,10.45619902,76.48813228,127.0250335,345.1841447,0.030261225,4,D,5,0.916630471
mh,DA,1,D,0,5.092002181,0.02173913,0.075807905,1.902173913,0.485841424,5.676309949,6.431478707,0.186897739,6.692965273,1.957406563,8.963335229,82.92569114,99.34151292,272.3660932,1.18995853,1,0,1,0.985755898
mh,DA,1,D,4,4.450719035,0,0.07949426,2.147058824,0.531578947,4.194722894,4.052619536,0.1088107,7.200993556,0.810523907,8.447816719,85.95966935,91.26701291,260.4275314,1.601554868,6,D,1,0.985755898
mh,DA,2,E,4,9.065189613,0.016393443,0.123625741,0.786885246,0.065104167,5.485668119,1.320274629,0.1054795,0.044413,0,9.478732331,80.52688421,106.6972546,281.0408742,-0.731322851,2,E,1,0.90344537
mh,DA,1,D,0,8.78610463,0.020979021,0.070636928,0.552447552,0.038986014,5.772682411,2.614477455,0.098905375,6.538154143,0.326809682,8.504890971,76.30108294,97.4865448,258.0374682,-1.504564102,1,0,3,0.900953372
mh,DA,1,D,4,8.924805866,0.046783626,0.059008687,0.567251462,0.099837662,4.793353343,2.160041585,0.105479625,6.538154143,0.270005198,8.381147361,75.91089126,98.75277006,288.9469052,-3.0389723,1,D,3,0.900953372
mh,DA,2,E,4,13.32757714,0.027777778,0.068341115,0.25,0.111969112,4.802664435,0,0,0,0,9.249367971,76.44967708,106.0117403,299.1955518,-1.481559229,1,E,3,0.931366771
mh,DA,1,E,0,10.6438712,0.066666667,0.088963964,0.366666667,0.05,5.42643407,0,0,0,0,9.730302437,78.82604972,110.5898984,305.599403,0.139077524,1,0,4,0.84714406
mh,DA,1,E,4,12.33948596,0.013888889,0.064935562,0.305555556,0,5.694567587,3.415126029,0.1369915,0.781034667,0,8.341235862,74.72278736,99.23538896,284.4901106,-2.207667346,2,E,4,0.84714406
mh,DA,2,D,4,11.01991674,0.136690647,0.140912785,0.424460432,0.285987261,4.534387956,3.37384282,0.1143622,5.578811111,0,8.99570189,78.42233879,101.6811982,279.1532391,-2.683481296,2,D,4,0.879101342
mh,DA,1,E,0,10.80023784,0.032967033,0.071034545,0.373626374,0.055434783,5.455416739,2.193499544,0.125912,3.797314333,0,10.13548463,80.53219087,110.3804817,303.3699624,-0.65217714,2,0,5,0.923166212
mh,DA,1,E,4,12.16443942,0,0.079372151,0.291666667,0.083333333,5.55725571,1.211633181,0.111031,0,0,8.683472087,76.453,99.83180163,303.7656091,-2.512268739,2,E,5,0.923166212
mh,DA,2,D,4,10.25815502,0.016393443,0.054910236,0.573770492,0,4.196501899,3.260753667,0.12491025,1.479618667,0,8.54406169,74.73254945,101.7705203,293.0026399,-2.521010856,2,D,5,0.912963231
mn,DA,1,E,0,6.902654595,0,0.054958428,1.142857143,0.100574713,5.172884425,3.287700657,0.129537,8.7104015,0,8.412310531,69.45909302,105.7802593,300.3786285,0.232166696,2,0,1,0.920557041
mn,DA,1,E,4,8.085363698,0.043478261,0.102123073,1.260869565,0,4.537434632,2.904533221,0.1054795,8.501404,0,9.353764726,73.25659783,109.9896485,343.0582843,-0.098375822,2,E,1,0.920557041
mn,DA,2,D,4,9.338572143,0.034782609,0.069215819,0.634782609,0.184722222,4.408242104,5.256696521,0.099928154,16.11465975,0.808722542,9.645204639,73.95676471,112.9771079,313.4081633,0.235980375,6,D,1,0.891453919
mn,DA,1,D,0,8.461598217,0.013888889,0.041254684,0.722222222,0.045310854,5.106451692,7.369770249,0.12213425,6.160587091,0,9.313698789,80.76732,107.7866464,357.1650929,-1.111521518,4,0,2,0.81986577
mn,DA,1,D,4,8.950331673,0.02173913,0.081215939,0.456521739,0.056092843,4.61835821,6.156653859,0.109627143,4.881673833,0,10.35664038,76.42650833,120.7212449,375.8444354,-1.269861266,3,D,2,0.81986577
mn,DA,1,D,0,9.316845364,0,0.031555453,0.470588235,0,5.610113687,4.527129844,0.103629,7.2669955,0,10.31841895,79.1317619,119.4230383,394.4459063,-0.062015849,3,0,3,0.816203556
mn,DA,1,D,4,10.68611628,0.155339806,0.102968516,0.32038835,0.163461538,4.356895957,2.412268751,0.0943765,7.9587202,0,10.30670641,79.72606498,114.5193713,338.9652889,-1.119302201,4,D,3,0.816203556
mn,DA,2,E,4,12.26538925,0.047619048,0.073619639,0.253968254,0,4.081909955,1.700136546,0.077722,0.977075,0,11.02178616,76.71243939,121.7993736,349.1481055,-2.424871349,4,E,3,0.813937174
mn,DA,1,E,0,13.57617296,0.054794521,0.090576827,0.082191781,0.519178082,5.481151175,5.152280959,0.083273333,1.1969166,0.858713493,9.87039093,73.4152,119.0695758,362.505525,-0.873154595,2,0,5,0.776292399
mn,DA,1,E,4,16.04417268,0,0.034726317,0.104166667,0,5.261521586,0,0,0,0,10.32980023,75.32460227,119.3734159,367.9388509,-1.074437493,2,E,5,0.776292399
mn,DA,2,D,4,15.91102607,0.051948052,0.106513776,0.103896104,0,4.526881643,2.69386045,0.088825333,0.7328065,0,10.03994087,74.96419608,119.6438778,357.4365931,-0.968317347,3,D,5,0.774816485
no,EN,1,D,3,8.512597342,0,0.032549035,0.718446602,0.004807692,4.304449787,10.172017,0.152667833,10.06006174,2.54300425,8.348633141,107.4649636,81.43539319,269.9427418,-0.072837239,3,D,1,0.787744313
no,EN,2,E,4,9.819649978,0,0.024441075,0.166666667,0.056372549,4.347332968,4.502611346,0.266474833,2.398275,1.500870449,9.744526113,87.44669655,100.1302473,283.8174493,0.745427878,5,E,1,0.775483983
no,EN,1,E,0,7.584368063,0.172413793,0.052276202,0.724137931,0,3.454166906,7.296911322,0.085652714,2.0633305,0,9.659004797,89.81193333,101.0867234,328.8721431,1.83285197,2,0,2,0.829487246
no,EN,1,E,4,8.088665778,0.015151515,0.014604251,0.545454545,0,3.16642378,7.751039796,0.196827909,4.5656048,2.113919944,8.865010878,85.12396825,97.93820948,320.3350833,2.198032453,2,E,2,0.829487246
no,EN,2,D,4,7.961714457,0.029850746,0.018367807,0.626865672,0.314156946,2.943623347,5.349203297,0.147424722,9.928873941,0.594355922,6.942192928,84.63516562,76.3139451,274.7537684,-2.696188787,3,D,2,0.896310906
no,EN,1,E,0,7.368692503,0,0.063814142,1,0.238207547,4.084297236,4.767431893,0.098077833,9.1689606,0,8.168514628,79.48662252,90.78141957,288.8705422,0.341993037,4,0,3,0.808527775
no,EN,1,E,4,9.823261998,0.02,0.033904443,0.56,0,4.646841056,1.949101552,0.2831295,4.641106,0,8.437637528,83.31784,94.80371759,290.8088016,-1.20381277,3,E,3,0.808527775
no,EN,2,D,4,9.021151276,0.058139535,0.003861862,0.581395349,0,3.70611645,3.577546531,0.133237167,1.125857,0.596257755,8.763334018,78.22424887,101.3293141,303.1789057,-1.190513415,4,D,3,0.871580409
no,EN,1,D,0,8.319087703,0.067307692,0.029026155,0.625,0,3.830959753,2.228038277,0.1443406,12.95179525,0,7.735053117,75.90267514,90.67356811,283.7338364,-0.71004151,2,0,5,0.785011718
no,EN,1,D,4,7.805021383,0.052631579,0.009888494,1.052631579,0,3.410286306,3.410825197,0.099928,24.7655205,0,7.764343191,86.71784672,84.34092672,277.305675,-1.2149254,3,D,5,0.785011718
no,EN,2,E,4,8.821648009,0,0.004937256,0.318181818,0,3.439107071,6.670089287,0.229464667,0.561818,2.223363096,7.577570195,78.48237671,85.43725376,283.0835328,-1.510297523,4,E,5,0.893395664
ph,EN,1,E,0,6.94251396,0,0.053712014,1.328125,0.06512605,3.993743147,8.616058292,0.138095188,9.4263382,0,7.831579105,70.37341063,95.69227784,254.6715942,-0.02236463,1,0,1,0.942512455
ph,EN,1,E,4,7.744632115,0,0.045406939,1.25,0,3.936546169,7.54996021,0.113807,5.551562333,1.887490053,7.117964469,68.87698305,88.74699684,228.3931725,0.333092207,1,E,1,0.942512455
ph,EN,2,D,4,6.370824906,0.03030303,0.050561787,1.484848485,0.866601753,4.042655327,10.46858595,0.1465612,1.644754889,2.093717189,7.704586341,74.72104505,91.58086107,269.1861453,-3.196277295,3,D,1,0.949430106
ph,EN,1,E,0,5.705890862,0.023255814,0.029469248,0.88372093,0.426614481,5.417037722,10.5578978,0.099928167,4.586,0.879824816,7.672617743,75.39799419,90.47249304,261.9193155,0.204143188,3,0,3,0.87849109
ph,EN,1,E,4,5.184020721,0.050847458,0.034126993,1,0.221109399,5.140706474,18.76348626,0.113569057,3.861086618,4.288796858,7.673605171,74.65892476,91.69357864,253.9907506,2.19518463,4,E,3,0.87849109
ph,EN,2,D,4,5.153132013,0.137931034,0.047226056,1.586206897,0.162729026,4.92877016,17.23705512,0.128919611,2.778516028,3.830456693,8.018468865,74.06744094,94.63644007,258.8396283,3.193277065,4,D,3,0.891468544
ph,EN,1,D,0,6.358972043,0,0.01892675,0.75,0.138888889,5.058345693,8.422887512,0.112617286,2.738770833,0,7.231729056,70.78241667,90.26201166,245.1483262,1.892651109,3,0,4,0.93563827
ph,EN,1,D,4,5.958194658,0.1,0.028468715,1.25,0.577380952,5.600183317,19.43260675,0.125835333,3.913346909,4.858151687,7.211280482,73.35151064,88.03933043,241.3824931,3.24477978,3,D,4,0.93563827
ph,EN,2,E,4,5.646752001,0.027777778,0.022647773,0.888888889,0.669621749,5.105696831,17.91012936,0.121517444,2.618012412,2.98502156,7.370602236,71.03060927,93.64227257,268.252919,1.876693947,1,E,4,0.949827565
ph,EN,1,D,0,5.326227837,0.032258065,0.01987984,0.919354839,0.184615385,5.095091383,13.57611493,0.128409957,3.839570227,2.361063466,7.113549619,69.37428467,93.54953156,254.2987655,1.83292172,3,0,5,0.894661945
ph,EN,1,D,3,3.743425108,0,0.007292179,3.75,0.854125413,5.228962647,13.13535263,0.1054798,2.356600333,1.313535263,7.108343512,74.66283673,88.34147014,245.5483747,2.529598872,2,D,5,0.894661945
rh,DA,1,E,0,7.253375763,0,0.063588093,1.063829787,0.010416667,5.10431285,4.783609313,0.103629,6.4579,0.797268219,8.050989024,73.41835659,98.51052135,240.4194028,-0.72933584,4,0,1,0.856314478
rh,DA,1,E,4,6.981551477,0.018867925,0.053500653,0.735849057,0,5.560018352,8.328310899,0.104686429,4.180877615,1.78463805,8.490130484,86.76685366,98.87195866,271.4258472,2.30382782,6,E,1,0.856314478
rh,DA,1,D,0,8.329760453,0,0.043397605,0.365853659,0,4.735781747,12.02644816,0.106405083,3.312768909,4.008816055,6.620266667,66.73083838,92.57804953,231.6636468,-0.197001671,2,0,2,0.901872963
rh,DA,1,D,4,6.310102916,0.04950495,0.060988415,0.811881188,0.212109673,4.632811229,22.7789811,0.097722582,3.352640821,6.631855257,7.027952691,78.60726078,86.15762257,233.4173912,-0.15033828,5,D,2,0.901872963
rh,DA,1,D,0,7.185848119,0.016129032,0.059621378,0.524193548,0.197575758,4.681372182,23.20967431,0.097006289,2.750789613,7.329370835,6.43397705,79.58154433,80.15245444,232.6121012,2.501883833,3,0,4,0.888360234
rh,DA,1,D,4,6.789220382,0.032051282,0.055033731,0.641025641,0.219988345,4.680746279,21.44682114,0.103259033,2.478265506,6.434046342,6.531225144,71.65800942,84.75692805,220.1809431,0.513644764,3,D,4,0.888360234
rh,DA,2,E,4,8.363519389,0,0.056120243,0.287671233,0,4.85905461,26.29485098,0.096227067,1.839903023,8.764950327,4.959124125,58.84660952,74.13514476,178.3963933,-1.820654247,6,E,4,0.883245937
ys,EN,1,D,3,10.53410707,0.094827586,0.022782293,0.655172414,0.229026037,5.318954198,0.769455223,0.0832735,58.380231,0,7.363523373,81.88150144,84.90236914,253.8136482,-1.706197213,2,D,1,0.939337009
ys,EN,2,E,4,15.02904086,0.129032258,0.029699907,0.322580645,0,4.95018029,0,0,0,0,10.5238285,80.56545122,110.5965674,331.5309555,-0.267984908,5,E,1,0.898278133
ys,EN,1,D,4,15.76664252,0.134831461,0.029914228,0.303370787,0.080819529,4.825776487,1.369942145,0.1165825,0.28498,0,12.19867668,84.3143101,125.3563752,344.4930579,-2.893090873,6,D,2,0.894428407
ys,EN,2,E,4,17.38035038,0.85,0.078221299,0.05,0,4.77956056,4.18513678,0.162846,0.0555155,0,10.51178,81.77693043,113.1719666,316.748859,-0.768301099,6,E,2,0.903284639
ys,EN,1,E,0,13.7767687,0.263888889,0.040870715,0.111111111,0.078277886,5.962768602,11.13090601,0.1309,2.826128667,1.757511475,6.045210849,115.0039602,53.59785468,216.8396041,-3.761145289,4,0,3,0.852026255
ys,EN,1,E,7,13.28639331,0.070588235,0.025586572,0.176470588,0,6.159838701,6.100010141,0.144340778,4.69121525,0.677778905,8.36740641,112.4594647,72.37791783,256.0285638,1.655087668,4,E,3,0.852026255
ys,EN,1,E,0,12.53899252,0.402173913,0.079577489,0,0.216208477,5.449494334,12.69311777,0.165974061,4.611835,3.07711946,7.764798352,81.68726648,91.23090762,261.0208255,-1.360084272,2,0,5,0.912841729
ys,EN,1,E,4,17.73870087,0.629032258,0.071452556,0,0,5.886760896,6.001886259,0.118777,3.558686125,1.333752502,8.281273325,79.37,98.89821096,303.8217955,-3.831000495,1,E,5,0.912841729
ys,EN,2,D,4,16.64861093,0.531914894,0.048244184,0.010638298,0.274891775,5.376432705,7.046103296,0.141379667,3.590379071,0.939480439,8.179632866,94.65726124,89.8768916,281.8118451,-6.58097739,5,D,5,0.912418288
